,secs,x1,x2,y1,y2
0,0.0,0,0,0,0
1,7.2,546,640,261,347
2,7.24,542,260,637,347
3,7.28,544,259,641,347
4,7.32,537,257,637,348
5,7.36,543,262,635,346
6,7.4,538,261,634,349
7,7.44,542,263,634,347
8,7.48,537,262,632,349
9,7.52,540,264,631,347
10,7.56,536,263,630,349
11,7.6,538,264,629,348
12,7.64,534,264,626,348
13,7.68,537,264,629,348
14,7.72,533,263,625,348
15,7.76,536,263,628,347
16,7.8,532,263,623,346
17,7.84,535,262,626,345
18,7.88,531,261,621,344
19,7.92,534,260,624,343
20,7.96,530,259,620,342
21,8.0,532,260,620,341
22,8.04,529,260,618,342
23,8.08,530,261,619,342
24,8.12,528,262,616,343
25,8.16,529,262,618,343
26,8.2,527,263,615,343
27,8.24,530,263,618,343
28,8.28,528,265,610,340
29,8.32,530,264,617,344
30,8.36,525,263,612,343
31,8.4,532,639,270,345
32,8.44,531,268,638,343
33,8.48,531,268,637,343
34,8.52,531,268,637,343
35,8.56,525,267,635,344
36,8.6,529,269,635,343
37,8.64,526,269,632,344
38,8.68,523,262,609,342
39,8.72,522,262,609,341
40,8.76,519,263,606,342
41,8.8,522,262,609,342
42,8.84,519,262,605,341
43,8.88,521,262,607,341
44,8.92,520,262,606,340
45,8.96,517,262,603,341
46,9.0,520,262,606,341
47,9.04,518,263,602,340
48,9.08,520,269,626,343
49,9.12,523,270,626,343
50,9.16,515,263,600,341
51,9.2,522,270,628,344
52,9.24,514,263,599,341
53,9.28,517,263,602,341
54,9.32,513,263,598,340
55,9.36,515,263,599,340
56,9.4,516,269,620,343
57,9.44,519,271,620,342
58,9.48,519,271,620,341
59,9.52,518,271,619,341
60,9.56,514,270,617,342
61,9.6,515,634,263,343
62,9.64,517,269,621,342
63,9.68,512,269,615,341
64,9.72,516,270,616,340
65,9.76,515,270,615,340
66,9.8,506,262,589,339
67,9.84,510,263,593,339
68,9.88,506,263,588,339
69,9.92,510,271,611,341
70,9.96,513,270,614,341
71,10.0,512,271,611,340
72,10.04,511,270,611,340
73,10.08,511,270,610,339
74,10.12,505,262,623,342
75,10.16,508,262,628,343
76,10.2,508,263,624,341
77,10.24,504,262,622,342
78,10.28,508,264,623,341
79,10.32,504,263,621,342
80,10.36,507,264,625,343
81,10.4,507,264,622,341
82,10.44,507,263,621,340
83,10.48,507,263,621,340
84,10.52,507,263,621,340
85,10.56,506,263,620,340
86,10.6,506,263,619,340
87,10.64,506,263,619,339
88,10.68,501,262,617,340
89,10.72,505,263,618,339
90,10.76,505,263,617,338
91,10.8,512,629,267,332
92,10.84,506,266,628,334
93,10.88,500,265,579,337
94,10.92,505,267,626,334
95,10.96,511,267,632,334
96,11.0,504,267,626,335
97,11.04,504,272,598,338
98,11.08,502,265,628,335
99,11.12,506,265,632,335
100,11.16,499,265,625,335
101,11.2,497,265,609,341
102,11.24,500,266,610,340
103,11.28,501,274,595,339
104,11.32,501,273,594,339
105,11.36,495,266,573,337
106,11.4,500,273,593,338
107,11.44,500,273,592,337
108,11.48,493,266,570,336
109,11.52,500,272,594,338
110,11.56,493,266,570,337
111,11.6,494,267,570,336
112,11.64,492,267,568,337
113,11.68,494,268,570,337
114,11.72,493,268,569,337
115,11.76,491,268,567,337
116,11.8,498,275,589,339
117,11.84,497,275,587,338
118,11.88,494,274,585,338
119,11.92,497,275,588,338
120,11.96,496,275,585,337
121,12.0,102,125,284,300
122,12.04,96,284,119,300
123,12.08,495,274,583,336
124,12.12,492,274,581,337
125,12.16,492,269,596,339
126,12.2,492,268,595,338
127,12.24,491,275,580,337
128,12.28,53,285,77,302
129,12.32,45,287,68,303
130,12.36,35,288,58,304
131,12.4,488,269,591,338
132,12.44,491,270,593,339
133,12.48,486,269,559,336
134,12.52,488,271,590,339
135,12.56,492,271,593,339
136,12.6,491,271,591,338
137,12.64,491,270,591,338
138,12.68,498,273,601,330
139,12.72,488,271,588,338
140,12.76,493,276,578,336
141,12.8,490,276,575,336
142,12.84,497,273,599,330
143,12.88,496,273,598,329
144,12.92,488,276,573,335
145,12.96,491,275,576,334
146,13.0,488,275,573,334
147,13.04,495,273,596,329
148,13.08,485,269,555,333
149,13.12,491,272,593,328
150,13.16,487,275,570,333
151,13.24,484,270,580,335
152,13.28,486,272,582,336
153,13.32,484,272,552,334
154,13.36,490,273,595,331
155,13.4,-2,300,23,318
156,13.44,0,299,24,317
157,13.48,-5,297,20,315
158,13.52,487,276,568,333
159,13.56,-2,298,23,316
160,13.6,-3,298,22,316
161,13.64,490,274,586,327
162,13.68,481,272,547,332
163,13.72,480,271,546,332
164,13.76,485,272,577,334
165,13.8,480,271,572,333
166,13.84,483,271,575,333
167,13.88,478,271,570,333
168,13.92,480,275,558,330
169,13.96,476,269,541,329
170,14.0,478,269,543,329
171,14.04,481,271,578,325
172,14.08,475,270,540,329
173,14.12,480,275,557,329
174,14.16,481,272,576,325
175,14.2,484,272,579,325
176,14.24,475,270,539,328
177,14.28,480,273,574,325
178,14.32,475,270,539,328
179,14.36,472,270,535,328
180,14.4,482,574,272,330
181,14.44,481,271,573,329
182,14.48,478,274,570,325
183,14.52,475,271,563,330
184,14.56,472,272,560,331
185,14.6,480,274,573,325
186,14.64,476,274,567,325
187,14.68,479,274,570,325
188,14.72,479,274,567,323
189,14.76,475,275,565,325
190,14.8,471,277,544,329
191,14.84,-2,302,23,321
192,14.88,472,274,563,324
193,14.92,471,278,544,328
194,14.96,468,272,528,328
195,15.0,467,273,552,330
196,15.04,468,279,540,330
197,15.08,466,274,550,331
198,15.12,465,274,549,331
199,15.16,472,275,560,324
200,15.2,464,273,548,329
201,15.24,463,272,547,328
202,15.28,463,272,546,328
203,15.32,460,272,543,328
204,15.36,461,272,544,328
205,15.4,461,272,543,327
206,15.44,463,274,550,322
207,15.48,-2,302,26,322
208,15.52,-3,303,25,323
209,15.56,-2,302,26,322
210,15.6,473,552,270,327
211,15.64,469,269,550,327
212,15.68,469,267,555,329
213,15.72,465,267,550,329
214,15.76,467,267,553,329
215,15.8,463,267,549,329
216,15.84,454,271,534,325
217,15.88,-3,302,24,322
218,15.92,-2,302,26,322
219,15.96,-4,302,25,322
220,16.0,-2,302,26,323
221,16.04,451,270,508,321
222,16.08,448,270,505,321
223,16.12,453,271,531,324
224,16.16,-3,303,26,323
225,16.2,-3,303,25,323
226,16.24,-2,302,26,322
227,16.28,-3,302,26,322
228,16.32,452,271,532,321
229,16.36,455,271,534,321
230,16.4,457,267,537,325
231,16.44,459,267,540,325
232,16.48,460,269,535,323
233,16.52,456,267,535,325
234,16.56,458,267,538,325
235,16.6,456,268,534,324
236,16.64,443,270,520,321
237,16.68,443,269,498,320
238,16.72,458,269,531,322
239,16.76,451,273,526,314
240,16.8,453,528,272,321
241,16.84,446,274,511,320
242,16.88,450,273,524,315
243,16.92,449,273,524,315
244,16.96,446,273,523,315
245,17.0,449,273,523,315
246,17.04,448,273,522,314
247,17.08,445,272,521,315
248,17.12,451,273,519,318
249,17.16,444,273,520,315
250,17.2,450,268,526,324
251,17.24,447,274,520,314
252,17.28,444,273,519,315
253,17.32,446,272,522,314
254,17.36,438,270,511,320
255,17.4,-4,296,26,317
256,17.44,-3,297,26,318
257,17.48,-3,297,26,318
258,17.52,441,275,503,319
259,17.56,436,272,510,321
260,17.6,448,274,520,321
261,17.64,447,273,519,320
262,17.68,447,273,519,320
263,17.72,448,273,519,319
264,17.76,447,272,518,319
265,17.8,443,271,518,319
266,17.84,441,272,516,319
267,17.88,443,272,517,319
268,17.92,443,272,517,319
269,17.96,439,276,501,319
270,18.0,454,517,272,319
271,18.04,449,270,517,320
272,18.08,453,272,516,319
273,18.12,453,271,516,318
274,18.16,449,270,517,320
275,18.2,452,271,519,320
276,18.24,453,271,516,318
277,18.28,449,270,521,322
278,18.32,450,270,519,320
279,18.36,446,269,519,322
280,18.4,449,271,520,322
281,18.44,450,271,518,320
282,18.48,444,274,513,313
283,18.52,-2,295,28,317
284,18.56,-4,295,27,317
285,18.6,443,274,514,314
286,18.64,440,274,512,314
287,18.68,443,275,512,313
288,18.72,440,274,511,314
289,18.76,442,275,511,313
290,18.8,442,274,511,312
291,18.84,439,274,510,314
292,18.88,441,274,513,314
293,18.92,441,274,510,312
294,18.96,439,274,509,313
295,19.0,447,270,514,318
296,19.04,447,270,514,318
297,19.08,447,270,513,317
298,19.12,447,269,513,317
299,19.16,-3,290,28,313
300,19.2,446,511,269,318
301,19.24,444,268,509,318
302,19.28,436,274,494,315
303,19.32,436,273,494,315
304,19.36,434,274,493,315
305,19.4,436,274,495,315
306,19.44,434,274,493,316
307,19.48,435,275,493,316
308,19.52,433,275,492,316
309,19.56,433,271,501,318
310,19.6,433,271,501,317
311,19.64,431,271,499,318
312,19.68,433,271,502,317
313,19.72,431,271,499,317
314,19.76,433,271,502,317
315,19.8,432,270,500,316
316,19.84,430,271,498,317
317,19.88,432,271,500,317
318,19.92,430,271,498,317
319,19.96,432,271,500,317
320,20.0,429,270,497,316
321,20.04,442,269,506,317
322,20.08,442,268,506,316
323,20.12,439,267,505,317
324,20.16,441,267,508,317
325,20.2,443,268,507,314
326,20.24,441,267,508,317
327,20.28,438,266,504,316
328,20.32,441,268,504,315
329,20.36,-2,289,30,312
330,20.4,447,503,270,312
331,20.44,443,269,502,313
332,20.48,446,270,502,312
333,20.52,432,270,500,314
334,20.56,432,273,489,313
335,20.6,445,270,501,312
336,20.64,445,270,501,312
337,20.68,445,270,501,311
338,20.72,444,269,500,311
339,20.76,429,272,486,312
340,20.8,430,273,486,312
341,20.84,445,269,503,313
342,20.88,445,270,501,312
343,20.92,446,270,501,312
344,20.96,446,271,501,312
345,21.0,447,273,498,311
346,21.04,450,273,498,309
347,21.08,447,272,497,310
348,21.12,450,272,498,309
349,21.16,447,272,498,310
350,21.2,447,274,496,310
351,21.24,429,272,473,313
352,21.28,441,272,501,316
353,21.32,443,271,504,317
354,21.36,441,271,501,316
355,21.4,434,274,501,311
356,21.44,430,271,475,313
357,21.48,440,270,500,314
358,21.52,444,270,501,312
359,21.56,441,269,500,313
360,21.6,449,500,272,311
361,21.64,449,273,496,309
362,21.68,449,272,499,310
363,21.72,448,270,502,312
364,21.76,445,271,499,312
365,21.8,448,271,502,313
366,21.84,445,271,500,312
367,21.88,448,271,501,312
368,21.92,448,272,499,311
369,21.96,448,272,499,310
370,22.0,448,269,500,310
371,22.04,430,269,474,310
372,22.08,430,269,474,309
373,22.12,429,268,474,309
374,22.16,432,269,474,308
375,22.2,429,268,474,310
376,22.24,445,269,498,310
377,22.28,448,271,498,309
378,22.32,439,273,495,309
379,22.36,444,269,495,307
380,22.4,444,265,494,302
381,22.44,444,263,498,303
382,22.48,443,260,500,303
383,22.52,443,266,498,306
384,22.56,444,269,497,309
385,22.6,440,270,497,312
386,22.64,440,272,496,314
387,22.68,440,273,496,315
388,22.72,440,272,500,316
389,22.76,440,271,501,315
390,22.8,445,489,272,309
391,22.84,444,270,490,308
392,22.88,442,269,489,309
393,22.92,439,270,496,312
394,22.96,440,270,498,311
395,23.0,438,269,498,312
396,23.04,440,269,501,313
397,23.08,434,272,496,311
398,23.12,432,272,494,311
399,23.16,433,273,495,312
400,23.2,433,273,495,311
401,23.24,433,272,495,311
402,23.28,433,272,495,311
403,23.32,432,273,493,312
404,23.36,433,274,494,312
405,23.4,438,275,491,310
406,23.44,432,274,493,312
407,23.48,434,274,495,313
408,23.52,433,274,494,312
409,23.56,433,273,494,311
410,23.6,435,272,496,310
411,23.64,432,272,493,310
412,23.68,434,272,495,310
413,23.72,434,272,493,310
414,23.76,434,272,493,310
415,23.8,432,272,492,310
416,23.84,435,272,494,309
417,23.88,434,272,493,309
418,23.92,434,272,493,309
419,23.96,434,272,493,309
420,24.0,445,487,270,306
421,24.04,447,270,486,304
422,24.08,445,268,486,304
423,24.12,445,268,486,304
424,24.16,442,267,487,305
425,24.2,434,274,468,305
426,24.24,430,273,489,313
427,24.28,428,274,487,314
428,24.32,433,276,490,308
429,24.36,-5,284,30,308
430,24.4,-3,283,31,308
431,24.44,-4,283,30,307
432,24.48,-5,284,30,309
433,24.52,-4,284,31,308
434,24.56,428,275,485,314
435,24.6,428,275,485,314
436,24.64,427,279,476,313
437,24.68,427,280,476,314
438,24.72,429,281,478,314
439,24.76,428,281,476,315
440,24.8,429,281,477,315
441,24.84,428,281,476,315
442,24.88,430,281,477,314
443,24.92,430,279,477,313
444,24.96,-5,287,30,312
445,25.0,-3,283,33,309
446,25.04,-4,282,32,308
447,25.08,-4,283,31,309
448,25.12,438,273,489,316
449,25.16,429,281,476,314
450,25.2,445,485,275,310
451,25.24,444,272,485,308
452,25.28,442,271,484,308
453,25.32,443,273,483,308
454,25.36,442,274,483,309
455,25.4,442,276,482,312
456,25.44,442,278,482,313
457,25.48,434,280,486,317
458,25.52,431,276,490,319
459,25.56,432,275,490,318
460,25.6,433,272,491,317
461,25.64,432,270,491,314
462,25.68,429,269,488,313
463,25.72,434,271,478,309
464,25.76,432,272,477,310
465,25.8,435,276,480,310
466,25.84,432,276,486,314
467,25.88,430,275,482,313
468,25.92,426,277,479,312
469,25.96,428,278,479,312
470,26.0,427,277,479,311
471,26.04,427,277,478,311
472,26.08,424,277,477,311
473,26.12,428,272,485,314
474,26.16,425,271,482,314
475,26.2,427,271,484,314
476,26.24,426,271,483,314
477,26.28,426,271,483,314
478,26.32,424,271,481,314
479,26.36,426,271,483,314
480,26.4,435,472,276,311
481,26.44,418,276,471,311
482,26.48,417,275,470,311
483,26.52,417,275,470,311
484,26.56,425,273,479,312
485,26.6,426,272,470,309
486,26.64,424,274,476,312
487,26.68,425,274,478,313
488,26.72,423,276,475,310
489,26.76,432,274,469,309
490,26.8,426,271,470,308
491,26.84,426,271,470,308
492,26.88,425,271,468,308
493,26.92,426,271,470,309
494,26.96,422,276,474,310
495,27.0,419,276,472,310
496,27.04,422,276,474,310
497,27.08,425,275,474,310
498,27.12,425,275,474,310
499,27.16,423,274,474,311
500,27.2,424,274,476,311
501,27.24,424,275,474,310
502,27.28,423,275,472,311
503,27.32,417,276,451,307
504,27.36,417,276,451,307
505,27.4,424,275,473,310
506,27.44,429,274,469,309
507,27.48,431,275,468,308
508,27.52,431,275,468,307
509,27.56,430,275,472,307
510,27.6,431,468,274,311
511,27.64,421,274,470,311
512,27.68,420,277,470,309
513,27.72,420,277,470,309
514,27.76,430,275,466,309
515,27.8,429,277,469,307
516,27.84,429,277,469,307
517,27.88,427,276,469,308
518,27.92,413,276,450,310
519,27.96,418,277,469,310
520,28.0,420,278,469,310
521,28.04,420,273,475,314
522,28.08,420,272,475,314
523,28.12,427,274,467,311
524,28.16,429,278,468,308
525,28.2,420,273,476,314
526,28.24,429,278,468,308
527,28.28,429,278,468,308
528,28.32,427,277,468,309
529,28.36,428,278,468,308
530,28.4,429,276,465,310
531,28.44,429,276,465,310
532,28.48,417,277,469,310
533,28.52,417,276,471,310
534,28.56,414,276,468,310
535,28.6,417,278,467,307
536,28.64,417,277,469,310
537,28.68,418,276,471,310
538,28.72,417,276,470,309
539,28.76,418,275,471,309
540,28.8,431,469,273,310
541,28.8,507,635,267,423
542,28.84,505,267,631,420
543,28.84,418,275,470,309
544,28.88,504,268,627,418
545,28.88,421,276,473,310
546,28.92,419,276,471,305
547,28.92,430,276,469,306
548,28.96,430,275,472,307
549,28.96,430,273,467,310
550,29.0,432,272,470,310
551,29.0,430,275,470,306
552,29.04,431,276,470,306
553,29.04,430,272,468,310
554,29.08,431,276,470,306
555,29.08,431,273,469,310
556,29.12,418,278,460,308
557,29.12,433,273,470,310
558,29.16,422,276,472,308
559,29.16,419,276,470,305
560,29.2,428,275,471,307
561,29.2,421,270,477,312
562,29.24,429,275,471,307
563,29.24,424,270,480,312
564,29.28,429,276,472,308
565,29.28,422,271,478,313
566,29.32,429,276,472,308
567,29.32,423,271,479,313
568,29.36,432,274,470,310
569,29.36,424,271,479,313
570,29.4,425,271,481,313
571,29.4,419,279,464,309
572,29.44,430,276,473,308
573,29.44,420,276,455,309
574,29.48,419,278,465,310
575,29.48,-6,285,33,313
576,29.52,424,277,474,310
577,29.52,-7,286,32,314
578,29.56,425,276,476,310
579,29.56,479,269,582,394
580,29.6,421,277,475,307
581,29.6,478,270,579,393
582,29.64,421,277,476,307
583,29.64,477,270,577,392
584,29.68,476,270,576,392
585,29.68,434,276,476,309
586,29.72,435,274,473,312
587,29.72,435,273,474,311
588,29.76,436,274,475,311
589,29.76,435,275,473,313
590,29.8,436,273,476,312
591,29.8,436,274,474,312
592,29.84,426,277,476,310
593,29.84,422,279,466,310
594,29.88,426,276,479,310
595,29.88,421,279,465,309
596,29.92,437,272,476,310
597,29.92,429,275,479,311
598,29.96,435,273,473,309
599,29.96,430,274,482,311
600,30.0,439,485,271,314
601,30.0,477,624,272,382
602,30.04,439,271,485,314
603,30.04,438,273,476,312
604,30.08,438,276,478,307
605,30.08,439,273,478,312
606,30.12,438,273,476,312
607,30.12,433,271,477,309
608,30.16,433,272,477,309
609,30.16,440,274,478,312
610,30.2,433,275,483,311
611,30.2,440,274,478,312
612,30.24,433,274,486,312
613,30.24,441,273,479,312
614,30.28,434,274,484,311
615,30.28,441,273,479,312
616,30.32,439,274,479,309
617,30.32,441,273,480,312
618,30.36,442,273,481,312
619,30.36,466,271,552,376
620,30.4,466,271,551,375
621,30.4,435,271,479,309
622,30.44,464,272,548,374
623,30.44,441,276,482,308
624,30.48,441,275,484,308
625,30.48,436,270,481,309
626,30.52,440,275,483,308
627,30.52,435,270,479,309
628,30.56,470,272,600,370
629,30.56,441,275,485,309
630,30.6,469,272,599,370
631,30.6,442,276,483,307
632,30.64,437,271,482,310
633,30.64,442,276,483,308
634,30.68,442,275,486,309
635,30.68,443,274,481,310
636,30.72,440,275,485,310
637,30.72,443,274,481,310
638,30.76,442,276,487,310
639,30.76,437,271,482,310
640,30.8,437,272,482,310
641,30.8,440,276,486,311
642,30.84,438,271,484,310
643,30.84,435,274,486,313
644,30.88,436,274,488,313
645,30.88,433,276,486,310
646,30.92,425,277,474,311
647,30.92,433,276,486,311
648,30.96,428,277,477,311
649,30.96,433,276,486,311
650,31.0,432,276,489,308
651,31.0,429,275,468,310
652,31.04,430,277,487,308
653,31.04,427,275,483,312
654,31.08,430,276,488,309
655,31.08,436,274,488,314
656,31.12,429,279,475,312
657,31.12,436,275,488,314
658,31.16,429,279,476,312
659,31.16,436,275,488,314
660,31.2,462,581,274,361
661,31.2,443,483,277,310
662,31.24,461,273,580,360
663,31.24,430,279,475,311
664,31.28,434,276,486,310
665,31.28,430,278,476,311
666,31.32,460,273,577,358
667,31.32,429,278,476,311
668,31.36,429,274,469,311
669,31.36,439,274,492,313
670,31.4,429,275,467,310
671,31.4,438,274,491,312
672,31.44,430,275,467,310
673,31.44,438,274,492,313
674,31.48,435,276,488,311
675,31.48,430,275,491,309
676,31.52,435,276,489,312
677,31.52,446,275,486,310
678,31.56,435,276,489,312
679,31.56,446,275,486,310
680,31.6,435,277,490,313
681,31.6,447,276,486,310
682,31.64,447,275,488,310
683,31.64,447,272,489,313
684,31.68,438,274,493,314
685,31.68,447,275,487,310
686,31.72,436,270,497,316
687,31.72,446,272,489,314
688,31.76,445,273,489,315
689,31.76,448,272,491,314
690,31.8,445,274,489,315
691,31.8,446,272,490,315
692,31.84,451,277,558,357
693,31.84,452,275,560,354
694,31.88,446,277,484,309
695,31.88,449,275,556,353
696,31.92,450,275,558,354
697,31.92,-6,286,34,314
698,31.96,448,273,489,314
699,31.96,436,270,497,316
700,32.0,447,273,489,314
701,32.0,438,270,498,315
702,32.04,442,275,490,310
703,32.04,438,274,493,313
704,32.08,442,275,489,310
705,32.08,439,273,492,314
706,32.12,441,275,488,310
707,32.12,436,270,496,314
708,32.16,446,271,492,314
709,32.16,439,275,486,310
710,32.2,444,271,491,314
711,32.2,440,276,486,311
712,32.24,443,271,489,314
713,32.24,439,276,485,311
714,32.28,438,276,484,311
715,32.28,445,271,491,314
716,32.32,437,276,484,311
717,32.32,442,272,488,314
718,32.36,432,276,495,311
719,32.36,444,271,489,313
720,32.4,448,550,274,352
721,32.44,447,273,549,351
722,32.48,429,273,487,312
723,32.52,434,274,480,308
724,32.56,433,274,480,308
725,32.6,432,274,478,308
726,32.64,426,270,484,313
727,32.68,428,276,490,311
728,32.72,427,276,489,311
729,32.76,427,275,490,310
730,32.8,427,273,478,312
731,32.84,439,271,479,311
732,32.88,433,274,531,348
733,32.92,439,275,474,304
734,32.96,-5,284,36,313
735,33.0,-7,283,34,313
736,33.04,437,276,473,305
737,33.08,435,276,471,305
738,33.12,435,276,471,305
739,33.16,419,273,470,311
740,33.2,420,273,471,311
741,33.24,419,274,480,308
742,33.28,419,275,479,308
743,33.32,418,275,478,308
744,33.36,418,274,477,307
745,33.4,407,271,467,309
746,33.44,430,272,468,305
747,33.48,429,271,467,305
748,33.52,428,272,466,305
749,33.56,427,272,464,305
750,33.64,418,274,461,306
751,33.68,423,274,512,339
752,33.72,-6,282,36,311
753,33.76,413,271,452,306
754,33.8,412,271,450,306
755,33.84,407,271,458,308
756,33.88,422,271,460,304
757,33.92,420,271,457,303
758,33.96,-6,281,36,311
759,34.0,-5,281,37,311
760,34.04,414,267,459,305
761,34.08,414,266,458,304
762,34.12,415,267,458,304
763,34.16,403,272,452,304
764,34.2,412,267,458,305
765,34.24,414,273,502,337
766,34.28,410,268,449,305
767,34.32,409,269,448,306
768,34.36,409,269,448,306
769,34.4,415,273,501,339
770,34.44,411,268,449,307
771,34.48,412,268,450,307
772,34.52,-6,281,35,310
773,34.56,413,272,498,337
774,34.6,413,272,497,337
775,34.64,408,271,496,338
776,34.68,411,271,499,338
777,34.72,408,271,496,338
778,34.76,411,273,495,337
779,34.84,411,274,443,300
780,34.88,412,273,443,299
781,34.92,410,273,441,299
782,34.96,396,271,451,302
783,35.0,410,273,441,298
784,35.04,387,268,441,304
785,35.08,405,268,444,303
786,35.12,403,268,439,303
787,35.16,402,268,437,303
788,35.2,386,269,441,303
789,35.24,409,273,439,298
790,35.28,403,267,440,302
791,35.32,403,268,440,303
792,35.36,404,269,439,300
793,35.4,403,270,438,301
794,35.44,399,267,442,303
795,35.48,391,274,433,303
796,35.52,394,272,429,303
797,35.56,393,270,440,306
798,35.6,391,270,437,305
799,35.64,402,270,437,301
800,35.68,391,273,435,302
801,35.72,390,273,434,302
802,35.76,402,270,436,301
803,35.8,391,274,432,303
804,35.84,391,274,432,303
805,35.88,398,268,440,302
806,35.92,398,268,439,302
807,35.96,398,267,439,302
808,36.0,479,545,271,322
809,36.0,415,485,270,335
810,36.04,479,271,545,322
811,36.04,410,267,485,337
812,36.08,414,268,487,336
813,36.08,393,271,480,335
814,36.12,414,268,484,334
815,36.12,399,270,432,302
816,36.16,413,268,484,333
817,36.16,398,269,432,302
818,36.2,481,270,548,322
819,36.2,398,269,431,302
820,36.24,481,271,548,323
821,36.24,397,270,430,302
822,36.28,482,271,549,323
823,36.28,399,270,432,302
824,36.32,404,275,432,298
825,36.32,397,271,430,302
826,36.36,398,271,431,303
827,36.36,393,272,475,334
828,36.4,397,272,429,303
829,36.4,393,273,477,336
830,36.44,398,271,430,303
831,36.44,392,273,477,336
832,36.48,397,271,430,303
833,36.48,392,272,477,335
834,36.52,390,275,438,302
835,36.52,391,273,473,335
836,36.56,391,275,440,302
837,36.56,393,273,477,336
838,36.6,389,274,437,301
839,36.6,392,272,476,335
840,36.64,390,275,430,302
841,36.64,394,276,441,333
842,36.68,-5,280,39,312
843,36.68,391,274,439,301
844,36.72,393,275,441,333
845,36.72,388,274,436,301
846,36.76,391,274,439,301
847,36.76,398,269,432,304
848,36.8,394,274,470,330
849,36.8,402,276,429,298
850,36.84,395,275,471,330
851,36.84,397,271,431,303
852,36.88,395,275,470,330
853,36.88,402,276,428,298
854,36.92,395,272,427,303
855,36.92,401,276,427,298
856,36.96,-6,281,37,311
857,36.96,389,275,428,301
858,37.0,381,272,428,304
859,37.0,401,277,427,298
860,37.04,401,277,427,299
861,37.04,-7,281,35,311
862,37.08,389,276,428,302
863,37.08,395,270,429,304
864,37.12,387,273,427,303
865,37.12,388,276,427,301
866,37.16,388,275,427,301
867,37.16,388,273,429,302
868,37.2,484,570,270,329
869,37.24,484,269,570,329
870,37.28,387,276,426,301
871,37.32,393,275,426,300
872,37.36,388,273,428,302
873,37.4,387,273,427,303
874,37.44,390,276,437,332
875,37.48,-5,283,35,311
876,37.52,391,274,470,333
877,37.56,390,274,466,331
878,37.6,394,271,428,303
879,37.64,393,275,466,329
880,37.68,407,273,469,331
881,37.72,387,275,434,301
882,37.76,388,275,434,300
883,37.8,386,275,433,301
884,37.84,393,275,466,329
885,37.88,394,272,424,302
886,37.92,393,272,424,302
887,37.96,394,272,425,302
888,38.0,385,271,429,304
889,38.04,385,270,429,304
890,38.08,391,268,430,301
891,38.12,385,270,430,304
892,38.16,385,270,429,303
893,38.2,393,270,427,302
894,38.24,391,275,462,328
895,38.28,378,271,428,303
896,38.32,386,271,430,305
897,38.36,385,270,429,304
898,38.44,391,277,436,331
899,38.48,391,276,436,330
900,38.52,391,276,436,331
901,38.56,392,276,437,330
902,38.6,386,271,429,303
903,38.64,387,271,430,303
904,38.68,396,271,430,303
905,38.72,395,271,429,303
906,38.76,396,272,429,300
907,38.8,397,272,429,300
908,38.84,394,275,464,327
909,38.88,387,270,432,303
910,38.92,392,269,432,302
911,38.96,392,268,432,302
912,39.0,386,273,428,303
913,39.04,388,273,430,303
914,39.08,387,273,429,303
915,39.12,388,273,430,304
916,39.16,388,276,426,303
917,39.2,388,276,426,303
918,39.24,388,276,427,303
919,39.28,389,276,428,303
920,39.32,-6,282,30,308
921,39.36,403,277,427,297
922,39.4,395,275,428,300
923,39.44,388,275,427,302
924,39.48,529,264,630,342
925,39.52,525,264,627,343
926,39.56,530,263,633,343
927,39.6,409,472,278,327
928,39.64,406,277,471,328
929,39.68,395,275,463,327
930,39.72,394,276,463,328
931,39.76,396,271,428,303
932,39.8,395,272,428,304
933,39.84,403,279,428,299
934,39.88,404,278,428,298
935,39.92,403,278,427,298
936,39.96,395,276,438,328
937,40.0,395,276,438,328
938,40.04,396,276,439,328
939,40.08,397,274,439,326
940,40.12,398,265,433,300
941,40.16,398,264,433,298
942,40.2,394,269,468,324
943,40.24,397,267,432,302
944,40.28,398,267,433,302
945,40.32,405,276,468,324
946,40.36,382,268,434,304
947,40.4,397,276,439,327
948,40.44,396,270,429,302
949,40.48,542,258,655,346
950,40.52,548,260,662,348
951,40.56,548,261,657,345
952,40.6,386,271,429,301
953,40.64,386,271,429,301
954,40.68,387,268,431,301
955,40.72,391,270,424,300
956,40.76,402,274,467,323
957,40.8,407,471,269,322
958,40.8,535,640,266,338
959,40.84,401,274,465,323
960,40.84,535,266,641,339
961,40.88,404,273,468,323
962,40.88,536,264,647,340
963,40.92,401,273,464,322
964,40.92,398,267,431,300
965,40.96,397,267,431,300
966,40.96,404,273,466,321
967,41.0,402,272,466,321
968,41.0,387,267,431,300
969,41.04,400,274,463,322
970,41.04,538,266,645,340
971,41.08,538,267,646,341
972,41.08,387,268,433,302
973,41.12,398,272,429,299
974,41.12,386,269,431,303
975,41.16,539,268,648,342
976,41.16,387,274,427,303
977,41.2,398,272,429,299
978,41.2,400,276,463,323
979,41.24,537,266,650,344
980,41.24,387,274,427,303
981,41.28,405,277,469,326
982,41.28,407,278,469,326
983,41.32,408,276,473,326
984,41.32,388,273,429,302
985,41.36,386,274,426,302
986,41.36,395,268,432,300
987,41.4,395,268,432,300
988,41.4,-6,290,30,316
989,41.44,395,269,432,301
990,41.44,-5,291,31,317
991,41.48,396,269,433,301
992,41.48,-6,288,31,314
993,41.52,548,267,659,343
994,41.52,-4,282,32,308
995,41.56,-6,282,30,308
996,41.56,398,271,431,304
997,41.6,-4,283,32,309
998,41.6,397,270,430,302
999,41.64,-2,281,34,307
1000,41.64,395,270,428,301
1001,41.68,395,270,427,302
1002,41.68,394,270,429,303
1003,41.72,403,277,426,296
1004,41.72,398,272,429,299
1005,41.76,403,277,426,296
1006,41.76,-5,280,31,306
1007,41.8,396,273,426,295
1008,41.8,-4,280,32,306
1009,41.84,410,272,467,325
1010,41.84,388,271,431,302
1011,41.88,393,267,431,299
1012,41.88,389,270,431,301
1013,41.92,388,265,434,300
1014,41.92,377,267,432,302
1015,41.96,386,267,429,300
1016,41.96,379,266,434,301
1017,42.0,546,640,265,348
1018,42.0,407,460,268,317
1019,42.04,546,265,640,349
1020,42.04,405,269,460,319
1021,42.08,406,268,462,320
1022,42.08,387,268,430,301
1023,42.12,403,267,460,319
1024,42.12,387,268,430,300
1025,42.16,387,271,429,302
1026,42.16,388,271,431,301
1027,42.2,406,270,462,323
1028,42.2,411,273,466,325
1029,42.24,402,270,460,324
1030,42.24,408,274,463,326
1031,42.28,405,272,462,324
1032,42.28,411,276,466,326
1033,42.32,402,271,459,325
1034,42.32,549,267,645,352
1035,42.36,549,267,646,353
1036,42.36,377,270,431,307
1037,42.4,389,279,425,303
1038,42.4,385,277,425,305
1039,42.44,395,281,424,303
1040,42.44,376,271,431,309
1041,42.48,395,280,424,302
1042,42.48,375,271,431,308
1043,42.52,388,277,425,301
1044,42.52,402,279,461,324
1045,42.56,399,276,461,324
1046,42.56,375,267,431,305
1047,42.6,400,275,461,322
1048,42.6,375,265,431,303
1049,42.64,398,274,460,321
1050,42.64,391,265,431,299
1051,42.68,402,273,469,326
1052,42.68,389,265,429,299
1053,42.72,398,273,467,326
1054,42.72,391,265,431,299
1055,42.76,401,274,467,325
1056,42.76,389,266,429,299
1057,42.8,391,266,431,300
1058,42.8,375,265,432,303
1059,42.84,373,264,430,302
1060,42.84,382,264,431,301
1061,42.88,375,264,432,303
1062,42.88,382,265,431,302
1063,42.92,374,264,431,302
1064,42.92,382,264,431,301
1065,42.96,390,272,460,324
1066,42.96,374,264,431,302
1067,43.0,389,266,426,301
1068,43.0,381,265,432,304
1069,43.04,388,273,431,297
1070,43.04,391,266,428,301
1071,43.08,388,274,431,298
1072,43.08,390,267,427,302
1073,43.12,-6,286,30,312
1074,43.12,391,267,428,302
1075,43.16,-6,286,30,311
1076,43.16,390,267,427,302
1077,43.2,554,640,267,353
1078,43.2,403,461,269,318
1079,43.24,556,265,643,352
1080,43.24,408,271,462,322
1081,43.28,580,257,713,360
1082,43.28,552,264,641,353
1083,43.32,554,265,641,353
1084,43.32,581,257,713,360
1085,43.36,583,256,719,361
1086,43.36,-4,285,31,310
1087,43.4,581,258,713,360
1088,43.4,-6,285,29,311
1089,43.44,402,267,456,318
1090,43.44,-5,284,30,309
1091,43.48,386,267,421,298
1092,43.48,-6,285,29,310
1093,43.52,388,265,428,299
1094,43.52,-5,285,30,310
1095,43.56,383,268,428,300
1096,43.56,383,268,427,300
1097,43.6,383,273,423,300
1098,43.6,388,274,431,298
1099,43.64,389,273,431,297
1100,43.64,388,266,428,299
1101,43.68,386,273,429,297
1102,43.68,388,265,428,299
1103,43.72,388,273,430,296
1104,43.72,387,265,427,299
1105,43.76,381,266,426,300
1106,43.76,399,268,453,319
1107,43.8,402,271,452,318
1108,43.8,387,274,422,297
1109,43.84,398,270,452,319
1110,43.84,385,274,420,297
1111,43.88,393,276,452,319
1112,43.88,401,272,451,318
1113,43.92,579,264,719,360
1114,43.92,398,270,452,320
1115,43.96,386,274,421,297
1116,43.96,581,262,725,360
1117,44.0,579,264,717,358
1118,44.0,380,267,424,301
1119,44.04,386,267,423,301
1120,44.04,388,266,426,299
1121,44.08,386,272,427,295
1122,44.08,385,265,425,298
1123,44.12,564,266,653,355
1124,44.12,388,264,427,297
1125,44.16,386,272,427,295
1126,44.16,388,264,426,297
1127,44.2,379,266,424,299
1128,44.2,388,264,426,297
1129,44.24,379,267,423,300
1130,44.24,386,265,425,298
1131,44.28,388,264,426,297
1132,44.28,386,265,423,299
1133,44.32,386,264,425,297
1134,44.32,385,265,421,300
1135,44.36,386,265,423,299
1136,44.36,403,271,455,320
1137,44.4,399,455,268,317
1138,44.44,400,270,454,321
1139,44.48,401,272,454,321
1140,44.52,396,276,418,294
1141,44.56,395,276,417,294
1142,44.6,378,267,423,300
1143,44.64,377,268,421,301
1144,44.68,378,268,422,302
1145,44.72,587,262,733,362
1146,44.76,378,268,422,301
1147,44.8,384,274,418,296
1148,44.84,383,273,417,295
1149,44.88,383,272,417,295
1150,44.92,384,272,417,294
1151,44.96,383,273,416,294
1152,45.0,384,272,417,293
1153,45.04,592,256,745,361
1154,45.08,389,269,419,295
1155,45.12,388,268,417,294
1156,45.16,388,267,420,299
1157,45.2,386,267,418,299
1158,45.24,387,267,419,299
1159,45.28,386,268,418,300
1160,45.32,388,265,452,321
1161,45.36,386,268,417,300
1162,45.4,573,262,688,364
1163,45.44,367,267,421,301
1164,45.48,381,275,414,297
1165,45.52,381,275,414,296
1166,45.56,380,275,413,296
1167,45.6,396,449,270,316
1168,45.64,368,266,422,301
1169,45.68,574,261,691,364
1170,45.72,388,265,452,321
1171,45.76,366,267,421,301
1172,45.8,-6,287,28,311
1173,45.84,-4,287,30,311
1174,45.88,-6,287,28,311
1175,45.92,601,256,750,371
1176,45.96,384,267,416,299
1177,46.0,383,275,411,295
1178,46.04,384,274,411,295
1179,46.08,383,274,410,295
1180,46.12,384,275,411,295
1181,46.16,385,273,412,294
1182,46.2,393,268,446,313
1183,46.24,392,270,439,314
1184,46.28,379,264,415,299
1185,46.32,-4,285,28,308
1186,46.36,-5,285,28,308
1187,46.4,378,265,414,299
1188,46.44,378,266,414,300
1189,46.48,380,265,416,299
1190,46.52,379,266,415,300
1191,46.56,383,276,418,319
1192,46.6,383,275,418,318
1193,46.64,383,276,418,318
1194,46.68,367,264,420,300
1195,46.72,367,264,420,300
1196,46.76,377,273,413,298
1197,46.8,397,445,269,316
1198,46.84,397,269,445,316
1199,46.88,377,273,413,299
1200,46.92,378,273,414,298
1201,46.96,377,274,413,299
1202,47.0,378,273,414,298
1203,47.04,377,273,413,298
1204,47.08,377,273,413,298
1205,47.12,379,272,415,298
1206,47.16,603,266,751,367
1207,47.2,381,267,415,300
1208,47.24,366,264,420,300
1209,47.28,388,266,448,319
1210,47.32,386,276,420,318
1211,47.36,385,276,419,318
1212,47.4,386,277,419,318
1213,47.44,386,277,419,318
1214,47.48,381,267,419,299
1215,47.52,380,267,418,299
1216,47.56,598,269,714,371
1217,47.6,378,269,411,299
1218,47.64,380,269,412,299
1219,47.68,379,269,411,299
1220,47.72,379,270,412,299
1221,47.76,379,269,412,299
1222,47.8,382,268,417,298
1223,47.84,598,266,752,371
1224,47.88,372,267,419,303
1225,47.92,383,269,413,299
1226,47.96,372,264,418,299
1227,48.0,399,444,271,314
1228,48.04,382,266,417,295
1229,48.08,384,265,418,294
1230,48.12,383,274,438,314
1231,48.16,387,274,440,314
1232,48.2,366,264,419,300
1233,48.24,399,273,444,315
1234,48.28,399,273,444,316
1235,48.32,389,267,446,317
1236,48.36,389,268,446,318
1237,48.4,388,271,415,297
1238,48.44,374,267,419,302
1239,48.48,388,273,414,295
1240,48.52,388,272,414,294
1241,48.56,388,276,438,312
1242,48.6,384,265,446,317
1243,48.64,611,263,724,376
1244,48.68,384,268,416,296
1245,48.72,384,268,416,295
1246,48.76,386,265,447,316
1247,48.8,384,269,416,296
1248,48.84,378,270,416,297
1249,48.88,387,273,412,294
1250,48.92,387,274,411,295
1251,48.96,390,277,409,293
1252,49.0,390,277,409,293
1253,49.04,386,277,435,312
1254,49.08,385,275,437,312
1255,49.12,383,275,434,312
1256,49.16,375,272,408,295
1257,49.2,393,438,271,311
1258,49.24,388,270,432,311
1259,49.28,389,270,434,311
1260,49.32,383,272,408,295
1261,49.36,388,271,433,312
1262,49.4,358,266,413,301
1263,49.44,380,275,430,312
1264,49.48,381,274,432,311
1265,49.52,378,274,429,311
1266,49.56,389,269,432,311
1267,49.6,371,273,403,296
1268,49.64,380,271,405,296
1269,49.68,378,271,403,296
1270,49.72,386,269,429,311
1271,49.76,376,277,406,314
1272,49.8,376,276,407,313
1273,49.84,374,277,405,314
1274,49.88,376,272,401,297
1275,49.92,376,271,401,297
1276,49.96,384,270,426,311
1277,50.0,384,271,426,312
1278,50.04,375,273,399,295
1279,50.08,361,268,404,300
1280,50.12,374,273,397,295
1281,50.16,373,272,397,295
1282,50.2,377,277,395,292
1283,50.24,370,272,395,296
1284,50.28,363,274,395,296
1285,50.32,358,269,400,300
1286,50.36,378,271,422,309
1287,50.4,568,640,263,320
1288,50.4,379,416,272,310
